coef,est
omega1,-2.1885892009739885
omega2,-2.2177927439149787
omega3,4.299414581063232
