coef,est
omega1,0.555267791964148
omega2,-0.11413275065318444
omega3,-0.44663461468269816
