mse,pplxy,converged
0.2883647029694533,0.1482115540637021,true
