mse,pplxy,converged
0.06195439768580777,0.14823281846154288,true
