term,T1,T2,T3
1,0.0016322466751339704,0.33132315028042414,0.0006637807415934168
2,0.0006036868859125037,0.3315193965695567,0.00043990793913256123
3,0.0016329078065562299,0.3307499339798178,0.0012969695166869352
4,0.0001365986465728067,0.000343119330383092,0.3319475595801823
5,0.0011716900875986393,0.0019414666222969134,0.33070788066531986
6,0.0008458314326225184,0.001034485432307658,0.3332109827796802
7,0.3321395729707736,0.00110112012962394,0.0010839950697320306
8,0.3325698279184127,0.00025650608455359995,0.0002574470014559905
9,0.32926763757641686,0.0017308215710360828,0.0003914767062164177
