coef,est
omega1,-0.9696551926086912
omega2,-0.018399840916149657
omega3,0.9800680343632848
omega4,7.163436975626825e-5
omega5,-0.01055236899882911
omega6,0.013148478667046791
omega7,1.9928264358952834
