coef,est
omega1,0.9870511525554164
omega2,-0.00771055277035515
omega3,-1.0088980231427698
omega4,-0.0208576160651949
omega5,0.0011964317527599078
omega6,0.001857451771408447
omega7,2.00287946890975
