mse,pplxy,converged
0.04684948690319544,0.14857656003014424,true
