mse,pplxy
0.05556620921855301,0.1492307795028277
