coef,est
omega1,-2.1944327213333796
omega2,4.297524826517654
omega3,-2.2170578461071
