coef,est
omega1,-0.44663368693503025
omega2,0.5560124816380356
omega3,-0.113914394790076
