mse,pplxy,converged
0.06193276475455304,0.14827055320652036,true
