mse,pplxy,converged
0.28834555642707876,0.1481925702406177,true
