term,T1,T2,T3
1,0.0001581411859711686,0.332105800983718,0.0002354743341549269
2,0.0005154706846774611,0.32977792953249285,0.0011801340346567527
3,0.001047326722178899,0.3297054900892437,0.0018351769435367923
4,0.331281344798749,0.0005031127598948408,0.0012302880341208185
5,0.3308975405377713,0.0021085252296780296,0.0014076235389031946
6,0.33417076942646273,0.0006385370073858631,0.0009003366838233424
7,0.0014531554125502744,0.0021799107301131776,0.3311943262147867
8,0.0003447540032334952,0.00021928703767041903,0.33303389316277937
9,0.0001314972284055446,0.002761406629803059,0.32898274705323816
