term,T1,T2,T3
1,0.0009103508947091066,0.00048373745782246525,0.3312333600100963
2,9.26035216625897e-5,0.00022941043827170253,0.3312394407167777
3,0.0010333421722796348,0.0003070146932813108,0.33133505060861645
4,0.3314027717978521,0.0005302529226764498,0.0008297429357556775
5,0.3306468307172659,0.0014255633155004085,0.0020884669080786797
6,0.3338488745629865,0.0012273189634217825,0.00038002748362270613
7,0.0009244441332714395,0.3326234709911169,0.0014243612295771473
8,0.0006945937345528383,0.33290190348874277,0.0001484261724226527
9,0.0004461884654199009,0.3302713277291662,0.0013211239350525022
