mse,pplxy
0.04840451196482334,0.14833535447624935
