coef,est
omega1,-0.8304028877456737
omega2,0.8914757688540064
omega3,-0.08352817771478407
omega4,0.9300462207579111
omega5,0.007170431892247552
