mse,correct_prop,pplxy
0.2269182620929341,0.6243301607614172,0.14929328473625886
