mse,correct_prop,pplxy,converged
0.22659561630067182,0.6272094697272654,0.14917778446862623,true
