coef,est
omega1,1.0558786622347542
omega2,0.024478772998134925
omega3,-1.0292394258236084
omega4,0.010034189932536209
omega5,0.030674437523765287
omega6,-0.09820333961416502
omega7,1.0252123581515151
