coef,est
omega1,-0.18863661870815557
omega2,0.8935907656666693
omega3,-0.754045460161872
omega4,0.8969689426897377
omega5,-0.002596999894163557
