mse,correct_prop,pplxy
0.2269276957758544,0.6246500839798448,0.1492813805957453
