mse,correct_prop,pplxy,converged
0.22666921732462658,0.6277693353595137,0.14923332305047132,true
