term,T1,T2,T3
1,0.0004204034108016344,0.00031021587354507457,0.3319797834174687
2,0.00019411040654451016,0.00020375320331632925,0.3324134843404756
3,0.00039185231403498095,0.000509551253391285,0.3321434513599365
4,0.3341902470099634,0.00042212400403842293,0.00047477580967382975
5,0.3328137874503713,0.0004857405325049831,0.0002496231852893249
6,0.33124690932828743,0.0004979603474707111,0.0012639990652733143
7,5.936384494070107e-5,0.33233368421093595,0.0006194811590888133
8,0.00019193477827100794,0.3334901842278833,0.0003015898652988544
9,0.0004913914567849873,0.3317467863469141,0.0005538117974950247
