coef,est
omega1,-0.945084080756871
omega2,0.9750325003374805
omega3,-0.027103975063226926
omega4,0.004794539617748672
omega5,-0.004627757834852447
omega6,0.016242278343552463
omega7,1.9818258275093488
