mse,pplxy
0.04837723181853242,0.14836061454609656
