coef,est
omega1,0.978005278897438
omega2,-0.9704742737320942
omega3,-0.019248332896044218
omega4,0.01330607995317283
omega5,-5.757755127383524e-5
omega6,-0.010812287033430068
omega7,1.9922245541080148
