mse,pplxy,converged
0.04685643660488008,0.14857670462337788,true
