mse,pplxy
0.055554514107398846,0.1492271367311444
