coef,est
omega1,-0.02698148358491892
omega2,0.9739499523320063
omega3,-0.9451289695177465
omega4,0.01620132079675718
omega5,-0.004549110589579547
omega6,0.004772171202173547
omega7,1.9818261752966198
