mse,pplxy
0.04839876985781401,0.14833959669805474
