coef,est
omega1,-2.1875456531551856
omega2,-2.225273649231837
omega3,4.3048660846748845
