coef,est
omega1,0.5560420659810763
omega2,-0.44735827025711555
omega3,-0.11400154352896247
