mse,pplxy,converged
0.28850866258934177,0.14818716448024336,true
