mse,pplxy,converged
0.061939143899646554,0.14825921490407676,true
