term,T1,T2,T3
1,0.0003419081552036691,0.0003004513380037674,0.3321698847549078
2,0.0006500058388646003,0.0002638322111875965,0.3308601112992664
3,0.0014951112257446805,0.001183905242845847,0.33021568604867174
4,0.33068148345778375,0.001125296141890634,0.00013970769423866174
5,0.33127291968837247,0.001530399963820294,0.0005681123477199893
6,0.3332630404631443,0.0007846918939232876,0.0005766716766863121
7,0.0010228650559416144,0.33221828900875155,0.0023379021651214887
8,0.000607196039091741,0.3336154250955042,0.00014034933601734446
9,0.0006654700758531866,0.3289777091040729,0.002991574677370227
