coef,est
omega1,0.5556575959826151
omega2,-0.11436847927368704
omega3,-0.4466386950277454
