coef,est
omega1,-2.196120033166516
omega2,-2.216033841365933
omega3,4.314770235932764
