mse,pplxy,converged
0.28842423173767173,0.14831583530803452,true
