mse,pplxy,converged
0.06194155547072253,0.14820444542862776,true
