term,T1,T2,T3
1,0.0025430632434631406,0.3299988325694623,0.00036789676662212173
2,0.0014577194055920345,0.3302008498854117,0.00019226473203410522
3,0.0004893868621547613,0.33150359109750155,0.0009580305155759245
4,0.001073308659492344,0.0007445314874157199,0.3310246321265408
5,0.00046232515963144286,0.0026409914365218834,0.331145809216156
6,0.00045889344658460815,0.0012203031459132323,0.3338527341357229
7,0.33147312239602794,0.0015229912569113496,0.0016210822646391815
8,0.332561443251433,0.00033237339357978704,0.00048053953897312746
9,0.3294807375756211,0.0018355357272827858,0.0003570107037353769
