term,T1,T2,T3
1,0.00013375851433416422,0.00023363609870188194,0.3329821301095752
2,0.0003170063673597174,0.0010984646579748519,0.33089813114197697
3,0.0014322918391343944,0.0007171663493395132,0.33127942617165707
4,0.3313805628380082,0.0003254415052611883,0.0005628298404727904
5,0.3308119200225137,0.0004345063435679516,0.002421033628831279
6,0.3340523000821054,0.0005243468672285343,0.00038125295316304567
7,0.0010519216114751547,0.3332816764909857,0.00039782316105421814
8,0.00025974204429506965,0.3330597754640621,0.00016637725255195016
9,0.0005604966807740155,0.33032498622287826,0.0009109957407177665
