coef,est
omega1,0.9750614065110703
omega2,-0.026717733621456574
omega3,-0.9441789283708175
omega4,-0.004593068919733254
omega5,0.01621924784348927
omega6,0.004760166951341849
omega7,1.981824665831196
