mse,pplxy
0.04838884294407978,0.14833135763351848
