coef,est
omega1,0.8569830460073633
omega2,-0.13802344546703055
omega3,-0.738980200660356
omega4,0.8988124891511745
omega5,-0.01176105758042104
