coef,est
omega1,0.8844641386867556
omega2,-0.0031533028562161663
omega3,-0.9262555317817177
omega4,0.010914586077152871
omega5,0.037588631348039074
omega6,-0.03012024504289713
omega7,0.9782046205210054
