mse,correct_prop,pplxy,converged
0.2265668210982705,0.6277693353595137,0.14926988950627965,true
