mse,correct_prop,pplxy
0.2269439403906625,0.624570103175238,0.14926620531588602
