coef,est
omega1,-2.2145698029398053
omega2,-2.1935925307437207
omega3,4.302943863762962
