coef,est
omega1,-0.44539878669306737
omega2,0.5566435082525667
omega3,-0.11364745064451254
