mse,pplxy,converged
0.28819183546917715,0.14823106834459474,true
