mse,pplxy,converged
0.06194913283346066,0.14818761746942702,true
