term,T1,T2,T3
1,0.0004303107435252014,0.00012664530995709964,0.3323909146195448
2,0.0023598922845332517,0.0003188068372885565,0.329250062371813
3,0.0003615736766564802,0.001817856981723585,0.33085185692712105
4,0.00028894651457277235,0.3310227557962327,0.0007963683815010823
5,0.0006908023404731697,0.3308188655555008,0.002007241540424296
6,0.0007227900167232806,0.33329929586459434,0.0007689145695700261
7,0.33213245937163327,0.0015678615046821065,0.001586175803795649
8,0.3333485014122872,0.0005092294617101891,0.00019408160248955567
9,0.3296647236395954,0.0005186826883106125,0.0021543841837406343
