coef,est
omega1,-0.9284210287713783
omega2,-0.01518978394875349
omega3,0.9112434356393937
omega4,0.9491358788511769
omega5,0.0013723115635792891
