coef,est
omega1,1.0707300979976955
omega2,-1.1421052983952829
omega3,0.07480254985034779
omega4,-0.03559421756496691
omega5,-0.08543498505857125
omega6,0.06266512179909416
omega7,1.0528537108061933
