mse,correct_prop,pplxy,converged
0.2266192123431635,0.6276893545549068,0.14921214389880375,true
