mse,correct_prop,pplxy
0.22691079421274074,0.6244101415660241,0.14933729647894128
