term,T1,T2,T3
1,0.33195971410066694,0.00024043365891705207,0.000506066300067905
2,0.3336548260752736,0.00045972691380344023,0.00010211781973074456
3,0.33219715224006874,2.0605470846726808e-5,0.00019146608512535395
4,0.00026801192674864925,0.3339084275353306,0.00012191881946649654
5,0.0007109604802002203,0.3328708632384672,0.00027434347412031703
6,0.00033039449468610417,0.33193734373350275,0.000315548124714853
7,0.0005996363549932926,0.00012988201152711786,0.33229559465918734
8,7.606997147040689e-5,0.0003191862490895519,0.33331954830071686
9,0.00020323435589225328,0.00011353118851548853,0.3328733964168702
