coef,est
omega1,4.297542430865601
omega2,-2.224852713255505
omega3,-2.1929726914139787
