coef,est
omega1,-0.4459611223245693
omega2,0.5566451897522982
omega3,-0.11333669533305336
