mse,pplxy,converged
0.2885232498137059,0.14823025727460248,true
