mse,pplxy,converged
0.061938275160988855,0.14821633828871067,true
