term,T1,T2,T3
1,0.33157926658354675,0.00022929921533888778,0.0003783545910161177
2,0.3304979568205475,0.00032627401467786205,0.0003193385946005153
3,0.32993641254533057,0.00048704494366052793,0.0018518022548108617
4,0.00039730250988063943,0.0010915227075100219,0.33121284271566986
5,0.001974674195493471,0.0012088395977947431,0.33091874559213613
6,0.001698961478301427,0.00045887729708180783,0.333207955097605
7,0.0010887323152965075,0.3332181956937635,0.001167575492506513
8,0.0003945029281935378,0.33326004753379235,0.0005826164303193752
9,0.0024321906234096077,0.3297198989963803,0.0003607692313354671
