term,T1,T2,T3
1,0.00037146611990591233,0.0017105336137541243,0.33081305625057095
2,0.00024469989778250076,0.0003387983693323458,0.33124723955366425
3,0.0013116843382438288,0.0002692796803372601,0.3313616275324864
4,0.3311871173796701,0.0004226558666999266,0.0003564935796486579
5,0.3310486145097754,0.0012007142160898542,0.0011293264280444854
6,0.33282071120863627,0.000715958587061937,0.0010947394530544951
7,0.002042629604944383,0.3319579033323813,0.0015156010009884245
8,0.000485991504611203,0.3332258031319846,0.0005632900352017923
9,0.0004870854364303232,0.33015835320235853,0.0019186261663407106
