coef,est
omega1,-0.9445898626239639
omega2,0.974707166284329
omega3,-0.027730581000149357
omega4,0.00484172892868362
omega5,-0.004591260793417748
omega6,0.01618178947047222
omega7,1.9817808388023597
