mse,pplxy
0.04840557822386653,0.14832761039665737
