coef,est
omega1,-0.11391754610637243
omega2,-0.44700259100746365
omega3,0.5554939579054813
