coef,est
omega1,-2.2183182429938517
omega2,-2.1932400484967913
omega3,4.2950070667070355
