mse,pplxy,converged
0.2884300127314351,0.1482705087607383,true
