mse,pplxy,converged
0.06192832108008788,0.14828206757326584,true
