term,T1,T2,T3
1,0.3320346406456381,0.0006755608079117897,0.0006740272995327723
2,0.3316176559427441,0.00021292097490603198,0.0004963493454466014
3,0.3320895417000081,0.0005547520473125249,0.0007843771137786529
4,0.00038276295270841957,0.33132426760937495,0.0008394593430376257
5,0.001112703703681307,0.33124481054343935,0.0016028420230851934
6,0.0003112024128716666,0.3342091086756103,0.0007197306903689628
7,0.0010707196342629093,0.00112193288424644,0.33223744211636047
8,0.0006095079579092104,0.0002144065630897785,0.3323594518602099
9,0.0007712650501760684,0.0004422398941091746,0.33028632020817966
