term,T1,T2,T3
1,0.0001313501559756133,0.0002745634382744684,0.3319630986783575
2,0.0015169800223745393,0.0002293278347078963,0.32959639851041944
3,0.0013998821530588287,0.0016295549147905175,0.32943650530196883
4,0.0003951588911677791,0.331518981902446,0.0007322169292912132
5,0.00021913247515215306,0.331666934990225,0.0021684465799029083
6,0.0010140458730354127,0.3333682171301686,0.0009423657207180439
7,0.33217606654024495,0.0003838684949583495,0.002749396622667293
8,0.3332561402762522,0.000546967864262768,0.00029942131142657373
9,0.32989124361273875,0.0003815834301665213,0.0021121503452484766
