coef,est
omega1,-0.8423288205521632
omega2,-0.07551418071543332
omega3,0.9075712646446285
omega4,0.9498428542292163
omega5,0.000615181690888715
