mse,correct_prop,pplxy,converged
0.22669806933944156,0.6273694313364793,0.14916146850391634,true
