mse,correct_prop,pplxy
0.2269363334971083,0.6251299688074862,0.14928306729774243
