coef,est
omega1,-0.017927107646634965
omega2,0.9771336647513316
omega3,-0.9720030602973964
omega4,-0.010553461852664536
omega5,0.012990108577627453
omega6,1.523487964116832e-7
omega7,1.99233565440095
