coef,est
omega1,-0.0052023449656708465
omega2,0.9862857361923325
omega3,-1.010233298735777
omega4,0.001158671219168711
omega5,-0.020829747064935816
omega6,0.00192895325970803
omega7,2.00379722249002
