mse,pplxy
0.055565868151216544,0.14924380996875297
