mse,pplxy,converged
0.04684005847757024,0.14853974614165597,true
