coef,est
omega1,-0.9704389380581517
omega2,-0.02035702802910322
omega3,0.9765132947126425
omega4,2.2760618997919035e-5
omega5,-0.010559489542041722
omega6,0.013014064210386936
omega7,1.9925439786348438
