mse,pplxy,converged
0.04685252901058948,0.14855415975522923,true
