mse,pplxy
0.05557228637869436,0.1491534292932449
