coef,est
omega1,0.9893484936622371
omega2,-0.15338542520702664
omega3,-0.8539869337623923
omega4,0.9443292073274908
omega5,0.022913404013179903
