coef,est
omega1,-0.984736665761132
omega2,0.009547276302253261
omega3,0.9595687152336432
omega4,-0.005061118347351779
omega5,0.011186865585756982
omega6,-0.007720226764383326
omega7,0.984050922643283
