mse,correct_prop,pplxy
0.22694331870711534,0.6254498920259138,0.1492520276866847
