mse,correct_prop,pplxy,converged
0.2265838891805154,0.6274494121410862,0.14923807995396593,true
