term,T1,T2,T3
1,0.0011834892273827554,0.00010362139933481786,0.3313627973930179
2,0.0006033682242920596,0.0003761327616541973,0.33221086273998446
3,0.0004468794358914937,0.00012263401956840933,0.3320853829222032
4,6.954991763143774e-5,0.3342280683752632,0.0005993800154402633
5,0.0005769486726610891,0.3328978702859772,0.0010220619743576908
6,0.0006918469512309435,0.33131370580821334,0.0007176775816192117
7,0.33207198167766955,7.541787788303859e-5,0.0008590218129362515
8,0.3333240410968187,0.0006618678816516108,0.000531634410816542
9,0.3310318947964221,0.0002206815904544979,0.0006111811496244208
