coef,est
omega1,-0.8305668635789466
omega2,0.9050249965281095
omega3,-0.10172106645124018
omega4,0.9523074764764157
omega5,-0.013639683397326557
