coef,est
omega1,0.013299860649747855
omega2,-0.9820418617256041
omega3,0.9191799562832743
omega4,0.025888156923316474
omega5,-0.06118031434430499
omega6,0.08853769228060548
omega7,0.9897259611691429
