mse,correct_prop,pplxy
0.22696213498897888,0.6250499880028794,0.1492322732935687
