mse,correct_prop,pplxy,converged
0.22662593137055748,0.6278493161641207,0.1491360860422305,true
