term,T1,T2,T3
1,0.3325065731243003,0.0004983221715201649,0.00034980229962365675
2,0.3324423884941915,0.0007538014041353983,0.0007350833858095038
3,0.3325221239578215,0.00027210516437416356,0.000514068847414103
4,0.00046082176915208305,0.0009243822023992429,0.3340522720234497
5,0.0001902020694482007,0.0008785639211360489,0.3320671101865281
6,0.0005803146419464149,0.0011080803621601385,0.33167421584260537
7,0.0005277851746014855,0.33175362110873385,0.00020245763998212246
8,0.0004980947783321155,0.33134035963819775,0.0003444105961332167
9,0.0002716959902061833,0.3324707640273432,6.057917845424108e-5
