coef,est
omega1,0.9267390021918683
omega2,-0.8825354715374498
omega3,-0.008468228622222186
omega4,0.9511718351433069
omega5,0.0025727420266013646
