mse,correct_prop,pplxy
0.2269455563644082,0.6251299688074862,0.1492342370391086
