mse,correct_prop,pplxy,converged
0.22663425867516407,0.6266496040950172,0.14919547907428884,true
