term,T1,T2,T3
1,0.0007413964802952981,0.3321504081622546,0.0004192483002168862
2,0.000602799239445757,0.332568193921267,0.0006112567733611926
3,0.0007404807378044501,0.3318348301582538,0.0004436942706155264
4,0.0003766706361749714,0.00018910515987777355,0.3328958867920894
5,0.00024343924866120905,0.001010827958262885,0.3319610483323223
6,0.0002027071964024641,0.0004428827726276217,0.3316393755021416
7,0.33183013667431105,0.0004608207425795189,0.00030109114144596304
8,0.33299925734268165,0.0007986368912633748,0.0005467820683587258
9,0.33226311244422335,0.0005442942336134746,0.0011816168194484136
