,w1_lower,w1_median,w1_upper,w2_lower,w2_median,w2_upper
k02,1.216625635,1.30712585,1.495592545,1.187062035,1.20650405,1.229845868
k05,1.22673256,1.26845485,1.59632331,1.217455522,1.24535535,1.279621643
k10,1.22887406,1.38290895,1.613546238,1.18067619,1.2167663,1.24518436
k15,1.219355453,1.36868805,1.59923856,1.182347193,1.196287,1.22576132
k20,1.2433821,1.3607336,1.591110463,1.158042565,1.18319325,1.210414275
k25,1.25007236,1.31884055,1.459738505,1.133016088,1.168785,1.19853604
k30,1.241486463,1.4229041,1.545129125,1.13741789,1.1611356,1.191872253
k40,1.208348295,1.35990285,1.486085578,1.135906023,1.16133305,1.186622723
k50,1.183147185,1.3121086,1.54961798,1.114359295,1.13952225,1.152133905