coef,est
omega1,-0.026666114204196845
omega2,-0.9453124147409255
omega3,0.9745885292874092
omega4,0.016150074307171858
omega5,0.004777783713557859
omega6,-0.00452199095188964
omega7,1.9819764880571036
