mse,pplxy
0.04840437573482351,0.14832187391481863
