coef,est
omega1,-0.44661500764467493
omega2,0.5567405848192684
omega3,-0.11420519672263867
