mse,pplxy,converged
0.06194264713762266,0.1482992677555034,true
