,w1_lower,w1_median,w1_upper,w2_lower,w2_median,w2_upper
k02,1.19677196,1.20660125,1.222422567,1.24514864,1.26088725,1.28041583
k05,1.179061487,1.2141499,1.22899671,1.267231038,1.2799998,1.30258172
k10,1.171766945,1.19592965,1.218489403,1.227966975,1.24935205,1.265407623
k15,1.17304096,1.18489295,1.199885168,1.2170572,1.22180525,1.246481465
k20,1.15396423,1.18222225,1.196436295,1.188645782,1.21480275,1.238132633
k25,1.144681035,1.1680032,1.180127228,1.188871518,1.2040566,1.22272914
k30,1.13846339,1.16250165,1.174439123,1.169257195,1.1841755,1.209435178
k40,1.11047958,1.1396561,1.157941738,1.15201489,1.1717134,1.1825895
k50,1.10352495,1.12592155,1.142031253,1.13827828,1.15465535,1.176915993