,w1_lower,w1_median,w1_upper
k05,-0.604904538,-0.58838705,-0.56795892
k10,-0.60813127,-0.5817351,-0.55615768
k20,-0.601541169,-0.586750015,-0.562934695
k30,-0.605266929,-0.58584055,-0.561098465
k50,-0.626375749,-0.5994537,-0.578625028