,w1_lower,w1_median,w1_upper,w2_lower,w2_median,w2_upper
k20,1.272897715,1.33607715,1.564491613,1.15316876,1.18314895,1.190353668
k50,1.17841718,1.3009797,1.99910237,1.11928267,1.1408863,1.19723025
k30,1.2436989,1.427973,1.5505417,1.1491939,1.1621197,1.18790614
k10,1.23137977,1.4697618,1.91878537,1.17948962,1.2127358,1.23917653
k05,1.25240755,1.26947,1.8186054,1.22196327,1.252647,1.28630745