coef,est
omega1,0.9315202209811778
omega2,-1.0153960922556078
omega3,0.013655644846255631
omega4,0.08698683474046719
omega5,-0.05913630184496789
omega6,-0.053700710384102256
omega7,0.990989255614314
