coef,est
omega1,-0.8655834619829454
omega2,0.964573050275263
omega3,-0.08042392405895404
omega4,0.966345652238583
omega5,0.007075037612360943
