mse,correct_prop,pplxy,converged
0.22664533194519182,0.6269695273134448,0.14918062651675645,true
