mse,correct_prop,pplxy
0.22695500995032616,0.6248900263936655,0.14930340865349484
