mse,pplxy
0.04840669014474341,0.1483662102547361
