coef,est
omega1,-0.027700969426778244
omega2,0.9743606190998335
omega3,-0.9449759024830016
omega4,0.016174400410699008
omega5,-0.00454580415433993
omega6,0.004736221446522859
omega7,1.981790720569542
