mse,pplxy
0.048413525892230413,0.14832489806599464
