coef,est
omega1,0.9790803353997113
omega2,-0.018584709171353353
omega3,-0.9681847228544171
omega4,0.013198633795043137
omega5,-0.010698875777754968
omega6,-2.1339669990294574e-5
omega7,1.9924268479996456
