mse,pplxy,converged
0.046871081062703164,0.14852197055130742,true
