mse,pplxy
0.055575351056397715,0.14922099708428999
