coef,est
omega1,0.5562440385679965
omega2,-0.4464500190377076
omega3,-0.11348540585825015
