mse,pplxy,converged
0.06195312007663003,0.14827471442991372,true
