coef,est
omega1,-0.027340424698216736
omega2,-0.9446919267233227
omega3,0.9744261827634304
omega4,0.016193206047316555
omega5,0.004800283961940877
omega6,-0.004554712092596239
omega7,1.9818769091914454
