mse,pplxy
0.04840844832163139,0.14834158140593018
