coef,est
omega1,-0.11300419045941525
omega2,0.5563408087358376
omega3,-0.44699710446791147
