mse,pplxy,converged
0.06192488378245964,0.1482478602386511,true
