coef,est
omega1,-0.970561806432265
omega2,-0.017748696806570763
omega3,0.9761701511903489
omega4,6.93390124456017e-5
omega5,-0.01061301435911971
omega6,0.013025899014263015
omega7,1.992647329512991
