mse,pplxy
0.05556668927870641,0.14915750375694892
