mse,pplxy,converged
0.046850179686542585,0.14857149478872306,true
