coef,est
omega1,-0.972105535877418
omega2,-0.017759559187787488
omega3,0.9771807891717792
omega4,2.3130767544898845e-5
omega5,-0.010663435133811738
omega6,0.01315853951268417
omega7,1.9932366485042259
