mse,pplxy,converged
0.0468718610893449,0.1485563853417952,true
