mse,pplxy
0.055607017085088875,0.14920810761304126
