coef,est
omega1,-0.01895146856032426
omega2,-0.9712145812847268
omega3,0.9781835973499184
omega4,-0.010515720113994487
omega5,-4.9617198239981786e-5
omega6,0.013121587222536486
omega7,1.9923877836049915
