mse,pplxy,converged
0.0468553064808302,0.1485874102272134,true
