mse,pplxy
0.055581530978918416,0.1492560600685143
