term,T1,T2,T3
1,0.00026768245856917215,0.00029399459894779084,0.33283999709655426
2,0.0005926056883048435,0.00017779598227430846,0.3333296148673491
3,0.00013192137063825133,0.0006357760711916509,0.33207727783942953
4,0.33356135100667683,0.0001755568908438581,0.0001397174607767985
5,0.3325318624136423,0.00013165259131961993,0.0005311920656487308
6,0.33175618860832423,0.0005411011844559581,0.000366885618208528
7,0.00014655635635802533,0.33309650727732665,0.00018076900162678755
8,0.0007552129606608486,0.33254516116751365,0.00023987379275085705
9,0.0002566191368255508,0.3324024542361267,0.00029467225765539545
