coef,est
omega1,0.9806071629142121
omega2,-1.050386417175951
omega3,0.047590269058565324
omega4,0.10637700150291143
omega5,-0.087868253469533
omega6,-0.01929847345882426
omega7,1.0274740167498322
