coef,est
omega1,0.9710602277780043
omega2,-0.9123182372468156
omega3,-0.14543436446106323
omega4,0.94425776468463
omega5,-0.011576100114751095
