mse,correct_prop,pplxy
0.2269183616231335,0.6256898344397345,0.1492558773757261
