mse,correct_prop,pplxy,converged
0.2266336683831918,0.6276893545549068,0.1491470907055133,true
