term,T1,T2,T3
1,0.0005667267197306149,0.33231596000156244,0.0004874634863186364
2,0.0002643788038176238,0.3317894290993872,0.001022021601304005
3,0.0005236678885399911,0.3317486194657438,0.000279705168874526
4,0.00019375395224734235,0.0008346135993043043,0.3332949771596423
5,0.0005562714355896605,0.0008541024901722902,0.3322511180570344
6,0.00022144364097895957,0.0005323278003258418,0.3315742962962953
7,0.3328737295066419,0.0002326748531170038,0.0005993775800846809
8,0.3328148395959308,0.0005528336566245676,0.0002789499318499276
9,0.3319851884565232,0.0011394390337626846,0.00021209071859640036
