coef,est
omega1,0.9781185875785177
omega2,-0.019757656630854825
omega3,-0.9696999995180775
omega4,0.01298712043790648
omega5,-0.010470250302923922
omega6,5.6011680951095766e-5
omega7,1.9922804982222218
