mse,pplxy,converged
0.046887422190842055,0.14851727392466452,true
