mse,pplxy
0.05557173572649676,0.14918394983463906
