coef,est
omega1,0.977793048240919
omega2,-0.01898010455690624
omega3,-0.9716790462764777
omega4,0.013248361509909948
omega5,-0.010725255114975962
omega6,-0.00012192073530042924
omega7,1.9929975776156628
