mse,pplxy,converged
0.04684030849691728,0.14858130740656128,true
