mse,pplxy
0.05559103102852924,0.1491751697019564
