coef,est
omega1,0.9743434932365531
omega2,-0.9441942493524635
omega3,-0.027623496034532735
omega4,-0.004552926200045868
omega5,0.004776436882710788
omega6,0.016166751132413726
omega7,1.9816378581933591
