mse,pplxy
0.04840277329987504,0.14833133700743495
